version,checksum
0.2.34,cd62ff67db8440816272f5f94028e2641efd4343
0.2.33,f3dcb088e164459bc114c2451ec2e4e063a65842
0.2.32,f3dcb088e164459bc114c2451ec2e4e063a65842
0.2.31,17dc18eb4059c097da616fc9569a7f975f9a9181
0.2.30,cdb0cd149569ce87a11a8047ca271ee003ede1fa
0.2.20,3ae5267380a24675ad0bd2865a4292840ea0e1b4
0.2.19,7eaceaa360ca996af4eecf328c381f7326da3aa8
0.2.18,a848a094e38d89a29993328820fcd54d1d257500
0.2.17,ee8b7815a122a8b643162fcaab0c565867b257b2
0.2.16,b32b8bb436a56b1b01d832dcb3b0dcc9c41c27d8
0.2.15,fd039fb194ef8b08703b547d41f83511ff6a4d0e
0.2.14,9515ae0d207f5f29d74ffc75db01807740513d6e
0.2.13,9821eb3119b94f89f1b9e0070c225fe5e96e7494
0.2.12,8e89680c4d471bf3931df4336a824e0fcef89809
0.2.11,2b26cd3ee404b545a51e9440a2a2e152fca15a59
0.2.10,d50d78ff4d99f0e0c1a81b044b82910eb1d1d0dc
0.2.9,ffd731ce0d534f16cc8a8baf243f4914c09afec5
0.2.8,aabdb2fabd78551597a4336f99188a1bef0f0616
0.2.7,b9c0892a329e2ee2ee69969f3e2a9ec90ca834cf
0.2.6,9da18a23985430afb14137207f0e9590b4b21061
0.2.5,6e9c160b219143cde0f468576ac0d9ea63e357ab
0.2.4,c52589f5b6cc0af0c0e672c158d77291512ae642
